{"cameraMode":{"drawMode":0,"name":"Shaded","section":"Shading Mode"},"sceneLighting":true,"audioPlay":false,"sceneViewState":{"m_AlwaysRefresh":false,"showFog":true,"showSkybox":false,"showFlares":true,"showImageEffects":true,"showParticleSystems":true,"showVisualEffectGraphs":true,"m_FxEnabled":true},"in2DMode":false,"pivot":{"x":263.2351379394531,"y":-61.466400146484378,"z":-509.06353759765627},"rotation":{"x":-0.0004892490105703473,"y":0.9963080286979675,"z":-0.08570324629545212,"w":-0.005678563378751278},"size":290.33905029296877,"orthographic":false}