{"cameraMode":{"drawMode":0,"name":"Shaded","section":"Shading Mode"},"sceneLighting":true,"audioPlay":false,"sceneViewState":{"m_AlwaysRefresh":false,"showFog":true,"showSkybox":false,"showFlares":true,"showImageEffects":true,"showParticleSystems":true,"showVisualEffectGraphs":true,"m_FxEnabled":true},"in2DMode":false,"pivot":{"x":284.14459228515627,"y":38.698448181152347,"z":51.74848175048828},"rotation":{"x":0.049314070492982867,"y":-0.7388346791267395,"z":-0.05441543087363243,"w":-0.6699218153953552},"size":10.624136924743653,"orthographic":false}