{"cameraMode":{"drawMode":0,"name":"Shaded","section":"Shading Mode"},"sceneLighting":true,"audioPlay":false,"sceneViewState":{"m_AlwaysRefresh":false,"showFog":true,"showSkybox":false,"showFlares":true,"showImageEffects":true,"showParticleSystems":true,"showVisualEffectGraphs":true,"m_FxEnabled":true},"in2DMode":false,"pivot":{"x":270.3746337890625,"y":35.750770568847659,"z":54.86226272583008},"rotation":{"x":-0.05578038841485977,"y":0.0050899009220302109,"z":-0.00027751066954806447,"w":-0.998453676700592},"size":3.6354806423187258,"orthographic":false}