{"cameraMode":{"drawMode":0,"name":"Shaded","section":"Shading Mode"},"sceneLighting":true,"audioPlay":false,"sceneViewState":{"m_AlwaysRefresh":false,"showFog":true,"showSkybox":true,"showFlares":true,"showImageEffects":true,"showParticleSystems":true,"showVisualEffectGraphs":true,"m_FxEnabled":true},"in2DMode":false,"pivot":{"x":140.09344482421876,"y":-39.728126525878909,"z":197.73385620117188},"rotation":{"x":-0.29298096895217898,"y":0.09301784634590149,"z":-0.02887454628944397,"w":-0.9511991739273071},"size":130.37623596191407,"orthographic":false}