{"cameraMode":{"drawMode":0,"name":"Shaded","section":"Shading Mode"},"sceneLighting":true,"audioPlay":false,"sceneViewState":{"m_AlwaysRefresh":false,"showFog":true,"showSkybox":true,"showFlares":true,"showImageEffects":true,"showParticleSystems":true,"showVisualEffectGraphs":true,"m_FxEnabled":true},"in2DMode":false,"pivot":{"x":497.92291259765627,"y":307.93621826171877,"z":318.3444519042969},"rotation":{"x":-0.1857740432024002,"y":0.8120872974395752,"z":-0.35713717341423037,"w":-0.42247846722602847},"size":11.284262657165528,"orthographic":false}