{"cameraMode":{"drawMode":0,"name":"Shaded","section":"Shading Mode"},"sceneLighting":true,"audioPlay":false,"sceneViewState":{"m_AlwaysRefresh":false,"showFog":true,"showSkybox":true,"showFlares":true,"showImageEffects":true,"showParticleSystems":true,"showVisualEffectGraphs":true,"m_FxEnabled":true},"in2DMode":false,"pivot":{"x":327.34686279296877,"y":194.7888641357422,"z":795.6627807617188},"rotation":{"x":-0.10047919303178787,"y":-0.05608580261468887,"z":0.005673447623848915,"w":-0.9933406114578247},"size":0.8660253882408142,"orthographic":false}