{"cameraMode":{"drawMode":0,"name":"Shaded","section":"Shading Mode"},"sceneLighting":true,"audioPlay":false,"sceneViewState":{"m_AlwaysRefresh":false,"showFog":true,"showSkybox":true,"showFlares":true,"showImageEffects":true,"showParticleSystems":true,"showVisualEffectGraphs":true,"m_FxEnabled":true},"in2DMode":false,"pivot":{"x":293.73272705078127,"y":-3.955411195755005,"z":164.2860107421875},"rotation":{"x":-0.17384448647499085,"y":-0.10848352313041687,"z":0.019262872636318208,"w":-0.9786128401756287},"size":76.91666412353516,"orthographic":false}