{"cameraMode":{"drawMode":0,"name":"Shaded","section":"Shading Mode"},"sceneLighting":true,"audioPlay":false,"sceneViewState":{"m_AlwaysRefresh":false,"showFog":true,"showSkybox":true,"showFlares":true,"showImageEffects":true,"showParticleSystems":true,"showVisualEffectGraphs":true,"m_FxEnabled":true},"in2DMode":false,"pivot":{"x":98.51447296142578,"y":16.587265014648439,"z":64.62560272216797},"rotation":{"x":-0.11952893435955048,"y":0.37205249071121218,"z":-0.04838275536894798,"w":-0.9192076325416565},"size":0.8660253882408142,"orthographic":false}