{"cameraMode":{"drawMode":0,"name":"Shaded","section":"Shading Mode"},"sceneLighting":true,"audioPlay":false,"sceneViewState":{"m_AlwaysRefresh":false,"showFog":true,"showSkybox":true,"showFlares":true,"showImageEffects":true,"showParticleSystems":true,"showVisualEffectGraphs":true,"m_FxEnabled":true},"in2DMode":false,"pivot":{"x":1073.0755615234375,"y":474.9107971191406,"z":244.07440185546876},"rotation":{"x":0.0027894529048353435,"y":-0.9925435185432434,"z":0.1199910119175911,"w":0.022941986098885537},"size":58.65751647949219,"orthographic":false}