{"cameraMode":{"drawMode":0,"name":"Shaded","section":"Shading Mode"},"sceneLighting":true,"audioPlay":false,"sceneViewState":{"m_AlwaysRefresh":false,"showFog":true,"showSkybox":true,"showFlares":true,"showImageEffects":true,"showParticleSystems":true,"showVisualEffectGraphs":true,"m_FxEnabled":true},"in2DMode":false,"pivot":{"x":761.5125732421875,"y":43.741798400878909,"z":209.00631713867188},"rotation":{"x":-0.06379812955856323,"y":0.5904909372329712,"z":-0.047492362558841708,"w":-0.8031067848205566},"size":29.383445739746095,"orthographic":false}