{"cameraMode":{"drawMode":0,"name":"Shaded","section":"Shading Mode"},"sceneLighting":false,"audioPlay":false,"sceneViewState":{"m_AlwaysRefresh":false,"showFog":true,"showSkybox":false,"showFlares":true,"showImageEffects":true,"showParticleSystems":true,"showVisualEffectGraphs":true,"m_FxEnabled":true},"in2DMode":false,"pivot":{"x":0.2163701206445694,"y":2.6042110919952394,"z":1.6198582649230958},"rotation":{"x":0.10480703413486481,"y":-0.8890712857246399,"z":0.3654554486274719,"w":0.25498083233833315},"size":0.21919198334217072,"orthographic":false}