{"cameraMode":{"drawMode":0,"name":"Shaded","section":"Shading Mode"},"sceneLighting":true,"audioPlay":false,"sceneViewState":{"m_AlwaysRefresh":false,"showFog":true,"showSkybox":false,"showFlares":true,"showImageEffects":true,"showParticleSystems":true,"showVisualEffectGraphs":true,"m_FxEnabled":true},"in2DMode":false,"pivot":{"x":269.3649597167969,"y":32.61100769042969,"z":52.076316833496097},"rotation":{"x":-0.13487157225608827,"y":-0.31005698442459109,"z":0.04448188841342926,"w":-0.9400547742843628},"size":2.5860209465026857,"orthographic":false}